"Verb","Form","Tense","Person","Number","Mood"
"ma","ngamam","NFUT",1,"SG","RLS"
"ma","nam","NFUT",2,"SG","RLS"
"ma","mam","NFUT",3,"SG","RLS"
"ma","thamam","NFUT","1+2","SG","RLS"
"ma","ngamam","NFUT",1,"PL","RLS"
"ma","namam","NFUT",2,"PL","RLS"
"ma","pamam","NFUT",3,"PL","RLS"
"ma","ngama","NFUT",1,"SG","IRR"
"ma","thama","NFUT",2,"SG","IRR"
"ma","kama","NFUT",3,"SG","IRR"
"ma","pama","NFUT","1+2","SG","IRR"
"ma","nguyema","NFUT",1,"PAUC","IRR"
"ma","nuyema","NFUT",2,"PAUC","IRR"
"ma","kuyema","NFUT",3,"PAUC","IRR"
"ma","nguyema","NFUT",1,"PL","IRR"
"ma","nuyema","NFUT",2,"PL","IRR"
"ma","kuyema","NFUT",3,"PL","IRR"
"ma","me","PST",1,"SG","RLS"
"ma","ne","PST",2,"SG","RLS"
"ma","me","PST",3,"SG","RLS"
"ma","thume","PST","1+2","SG","RLS"
"ma","ngume","PST",1,"PAUC","RLS"
"ma","nume","PST",2,"PAUC","RLS"
"ma","pume","PST",3,"PAUC","RLS"
"ma","ngume","PST",1,"PL","RLS"
"ma","nume","PST",2,"PL","RLS"
"ma","pume","PST",3,"PL","RLS"
"ma","ngimi","PST",1,"SG","IRR"
"ma","ni","PST",2,"SG","IRR"
"ma","mi","PST",3,"SG","IRR"
"ma","thumi","PST","1+2","SG","IRR"
"ma","ngumi","PST",1,"PAUC","IRR"
"ma","numi","PST",2,"PAUC","IRR"
"ma","pumi","PST",3,"PAUC","IRR"
"ma","ngumi","PST",1,"PL","IRR"
"ma","numi","PST",2,"PL","IRR"
"ma","pumi","PST",3,"PL","IRR"
"rru","ngurran","NFUT",1,"SG","RLS"
"rru","thurran","NFUT",2,"SG","RLS"
"rru","wurran","NFUT",3,"SG","RLS"
"rru","thurran","NFUT","1+2","SG","RLS"
"rru","ngumpan","NFUT",1,"PL","RLS"
"rru","numpan","NFUT",2,"PL","RLS"
"rru","pumpan","NFUT",3,"PL","RLS"
"rru","ngurru","NFUT",1,"SG","IRR"
"rru","thurru","NFUT",2,"SG","IRR"
"rru","kurru","NFUT",3,"SG","IRR"
"rru","purru","NFUT","1+2","SG","IRR"
"rru","nga","NFUT",1,"PAUC","IRR"
"rru","na","NFUT",2,"PAUC","IRR"
"rru","ka","NFUT",3,"PAUC","IRR"
"rru","nguru","NFUT",1,"PL","IRR"
"rru","nuru","NFUT",2,"PL","IRR"
"rru","kuru","NFUT",3,"PL","IRR"
"rru","ngurrini","PST",1,"SG","RLS"
"rru","thurrini","PST",2,"SG","RLS"
"rru","wurrini","PST",3,"SG","RLS"
"rru","thurrini","PST","1+2","SG","RLS"
"rru","ngurne","PST",1,"PAUC","RLS"
"rru","nurne","PST",2,"PAUC","RLS"
"rru","purne","PST",3,"PAUC","RLS"
"rru","ngurni","PST",1,"PL","RLS"
"rru","nurni","PST",2,"PL","RLS"
"rru","purni","PST",3,"PL","RLS"
"rru","ngurri","PST",1,"SG","IRR"
"rru","thurri","PST",2,"SG","IRR"
"rru","wurri","PST",3,"SG","IRR"
"rru","thurri","PST","1+2","SG","IRR"
"rru","nguye","PST",1,"PAUC","IRR"
"rru","nuye","PST",2,"PAUC","IRR"
"rru","puye","PST",3,"PAUC","IRR"
"rru","nguyi","PST",1,"PL","IRR"
"rru","nuyi","PST",2,"PL","IRR"
"rru","puyi","PST",3,"PL","IRR"
"nu","ngunungam","NFUT",1,"SG","RLS"
"nu","thunungam","NFUT",2,"SG","RLS"
"nu","nungam","NFUT",3,"SG","RLS"
"nu","thunungam","NFUT","1+2","SG","RLS"
"nu","ngunnungam","NFUT",1,"PL","RLS"
"nu","nunnungam","NFUT",2,"PL","RLS"
"nu","punnungam","NFUT",3,"PL","RLS"
"nu","ngunu","NFUT",1,"SG","IRR"
"nu","thunu","NFUT",2,"SG","IRR"
"nu","kunu","NFUT",3,"SG","IRR"
"nu","punu","NFUT","1+2","SG","IRR"
"nu","ngunna","NFUT",1,"PAUC","IRR"
"nu","nunna","NFUT",2,"PAUC","IRR"
"nu","kunna","NFUT",3,"PAUC","IRR"
"nu","ngunnu","NFUT",1,"PL","IRR"
"nu","nunnu","NFUT",2,"PL","IRR"
"nu","kunnu","NFUT",3,"PL","IRR"
"nu","nguna","PST",1,"SG","RLS"
"nu","thuna","PST",2,"SG","RLS"
"nu","na","PST",3,"SG","RLS"
"nu","thuna","PST","1+2","SG","RLS"
"nu","ngunna","PST",1,"PAUC","RLS"
"nu","nunna","PST",2,"PAUC","RLS"
"nu","punna","PST",3,"PAUC","RLS"
"nu","ngunni","PST",1,"PL","RLS"
"nu","nunni","PST",2,"PL","RLS"
"nu","punni","PST",3,"PL","RLS"
"nu","nguni","PST",1,"SG","IRR"
"nu","thuni","PST",2,"SG","IRR"
"nu","nuy","PST",3,"SG","IRR"
"nu","thuni","PST","1+2","SG","IRR"
"nu","ngunne","PST",1,"PAUC","IRR"
"nu","nunne","PST",2,"PAUC","IRR"
"nu","punne","PST",3,"PAUC","IRR"
"nu","ngunni","PST",1,"PL","IRR"
"nu","nunni","PST",2,"PL","IRR"
"nu","punni","PST",3,"PL","IRR"
"ula","ngulam","NFUT",1,"SG","RLS"
"ula","thulam","NFUT",2,"SG","RLS"
"ula","wulam","NFUT",3,"SG","RLS"
"ula","thulam","NFUT","1+2","SG","RLS"
"ula","ngullam","NFUT",1,"PL","RLS"
"ula","nullam","NFUT",2,"PL","RLS"
"ula","pullam","NFUT",3,"PL","RLS"
"ula","ngula","NFUT",1,"SG","IRR"
"ula","thula","NFUT",2,"SG","IRR"
"ula","kula","NFUT",3,"SG","IRR"
"ula","pula","NFUT","1+2","SG","IRR"
"ula","ngulla","NFUT",1,"PAUC","IRR"
"ula","nulla","NFUT",2,"PAUC","IRR"
"ula","kulla","NFUT",3,"PAUC","IRR"
"ula","ngulla","NFUT",1,"PL","IRR"
"ula","nulla","NFUT",2,"PL","IRR"
"ula","kulla","NFUT",3,"PL","IRR"
"ula","ngule","PST",1,"SG","RLS"
"ula","thule","PST",2,"SG","RLS"
"ula","wule","PST",3,"SG","RLS"
"ula","thule","PST","1+2","SG","RLS"
"ula","ngulle","PST",1,"PAUC","RLS"
"ula","nulle","PST",2,"PAUC","RLS"
"ula","pulle","PST",3,"PAUC","RLS"
"ula","ngulle","PST",1,"PL","RLS"
"ula","nulle","PST",2,"PL","RLS"
"ula","pulle","PST",3,"PL","RLS"
"ula","ngule","PST",1,"SG","IRR"
"ula","thule","PST",2,"SG","IRR"
"ula","wule","PST",3,"SG","IRR"
"ula","thule","PST","1+2","SG","IRR"
"ula","ngulle","PST",1,"PAUC","IRR"
"ula","nulle","PST",2,"PAUC","IRR"
"ula","pulle","PST",3,"PAUC","IRR"
"ula","ngulle","PST",1,"PL","IRR"
"ula","nulle","PST",2,"PL","IRR"
"ula","pulle","PST",3,"PL","IRR"
"ba","bam","NFUT",1,"SG","RLS"
"ba","dam","NFUT",2,"SG","RLS"
"ba","bam","NFUT",3,"SG","RLS"
"ba","thubam","NFUT","1+2","SG","RLS"
"ba","ngubam","NFUT",1,"PL","RLS"
"ba","nubam","NFUT",2,"PL","RLS"
"ba","pubam","NFUT",3,"PL","RLS"
"ba","ba","NFUT",1,"SG","IRR"
"ba","da","NFUT",2,"SG","IRR"
"ba","ba","NFUT",3,"SG","IRR"
"ba","puba","NFUT","1+2","SG","IRR"
"ba","nguba","NFUT",1,"PAUC","IRR"
"ba","nuba","NFUT",2,"PAUC","IRR"
"ba","kuba","NFUT",3,"PAUC","IRR"
"ba","nguba","NFUT",1,"PL","IRR"
"ba","nuba","NFUT",2,"PL","IRR"
"ba","kuba","NFUT",3,"PL","IRR"
"ba","be","PST",1,"SG","RLS"
"ba","de","PST",2,"SG","RLS"
"ba","be","PST",3,"SG","RLS"
"ba","thube","PST","1+2","SG","RLS"
"ba","ngube","PST",1,"PAUC","RLS"
"ba","nube","PST",2,"PAUC","RLS"
"ba","pube","PST",3,"PAUC","RLS"
"ba","ngube","PST",1,"PL","RLS"
"ba","nube","PST",2,"PL","RLS"
"ba","pube","PST",3,"PL","RLS"
"ba","be","PST",1,"SG","IRR"
"ba","de","PST",2,"SG","IRR"
"ba","be","PST",3,"SG","IRR"
"ba","thube","PST","1+2","SG","IRR"
"ba","ngube","PST",1,"PAUC","IRR"
"ba","nube","PST",2,"PAUC","IRR"
"ba","pube","PST",3,"PAUC","IRR"
"ba","ngube","PST",1,"PL","IRR"
"ba","nube","PST",2,"PL","IRR"
"ba","pube","PST",3,"PL","IRR"
"rdi","ngurdam","NFUT",1,"SG","RLS"
"rdi","thurdam","NFUT",2,"SG","RLS"
"rdi","wurdam","NFUT",3,"SG","RLS"
"rdi","thurdam","NFUT","1+2","SG","RLS"
"rdi","nguddam","NFUT",1,"PL","RLS"
"rdi","nuddam","NFUT",2,"PL","RLS"
"rdi","puddam","NFUT",3,"PL","RLS"
"rdi","ngurdi","NFUT",1,"SG","IRR"
"rdi","thurdi","NFUT",2,"SG","IRR"
"rdi","kurdi","NFUT",3,"SG","IRR"
"rdi","purdi","NFUT","1+2","SG","IRR"
"rdi","ngudde","NFUT",1,"PAUC","IRR"
"rdi","nudde","NFUT",2,"PAUC","IRR"
"rdi","kudde","NFUT",3,"PAUC","IRR"
"rdi","nguddi","NFUT",1,"PL","IRR"
"rdi","nuddi","NFUT",2,"PL","IRR"
"rdi","kuddi","NFUT",3,"PL","IRR"
"rdi","ngurdana","PST",1,"SG","RLS"
"rdi","thurdana","PST",2,"SG","RLS"
"rdi","wurdana","PST",3,"SG","RLS"
"rdi","thurdana","PST","1+2","SG","RLS"
"rdi","nguddana","PST",1,"PAUC","RLS"
"rdi","nuddana","PST",2,"PAUC","RLS"
"rdi","puddana","PST",3,"PAUC","RLS"
"rdi","nguddana","PST",1,"PL","RLS"
"rdi","nuddana","PST",2,"PL","RLS"
"rdi","puddana","PST",3,"PL","RLS"
"rdi","ngurdana","PST",1,"SG","IRR"
"rdi","thurdana","PST",2,"SG","IRR"
"rdi","wurdana","PST",3,"SG","IRR"
"rdi","thurdana","PST","1+2","SG","IRR"
"rdi","nguddana","PST",1,"PAUC","IRR"
"rdi","nuddana","PST",2,"PAUC","IRR"
"rdi","puddana","PST",3,"PAUC","IRR"
"rdi","nguddana","PST",1,"PL","IRR"
"rdi","nuddana","PST",2,"PL","IRR"
"rdi","puddana","PST",3,"PL","IRR"
"a","ngam","NFUT",1,"SG","RLS"
"a","tham","NFUT",2,"SG","RLS"
"a","dam","NFUT",3,"SG","RLS"
"a","tham","NFUT","1+2","SG","RLS"
"a","ngarram","NFUT",1,"PL","RLS"
"a","narram","NFUT",2,"PL","RLS"
"a","parram","NFUT",3,"PL","RLS"
"a","nga","NFUT",1,"SG","IRR"
"a","tha","NFUT",2,"SG","IRR"
"a","ka","NFUT",3,"SG","IRR"
"a","pa","NFUT","1+2","SG","IRR"
"a","nga","NFUT",1,"PAUC","IRR"
"a","na","NFUT",2,"PAUC","IRR"
"a","ka","NFUT",3,"PAUC","IRR"
"a","nga","NFUT",1,"PL","IRR"
"a","na","NFUT",2,"PL","IRR"
"a","ka","NFUT",3,"PL","IRR"
"a","ngani","PST",1,"SG","RLS"
"a","thani","PST",2,"SG","RLS"
"a","dani","PST",3,"SG","RLS"
"a","thani","PST","1+2","SG","RLS"
"a","ngarrane","PST",1,"PAUC","RLS"
"a","narrane","PST",2,"PAUC","RLS"
"a","parrane","PST",3,"PAUC","RLS"
"a","ngarrani","PST",1,"PL","RLS"
"a","narrani","PST",2,"PL","RLS"
"a","parrani","PST",3,"PL","RLS"
"a","nge","PST",1,"SG","IRR"
"a","tje","PST",2,"SG","IRR"
"a","de","PST",3,"SG","IRR"
"a","tje","PST","1+2","SG","IRR"
"a","ngerra","PST",1,"PAUC","IRR"
"a","nerra","PST",2,"PAUC","IRR"
"a","perra","PST",3,"PAUC","IRR"
"a","ngerra","PST",1,"PL","IRR"
"a","nerra","PST",2,"PL","IRR"
"a","perra","PST",3,"PL","IRR"
"ntji","ngantjin","NFUT",1,"SG","RLS"
"ntji","thantjin","NFUT",2,"SG","RLS"
"ntji","kantjin","NFUT",3,"SG","RLS"
"ntji","thantjin","NFUT","1+2","SG","RLS"
"ntji","ngantjin","NFUT",1,"PL","RLS"
"ntji","nantjin","NFUT",2,"PL","RLS"
"ntji","pantjin","NFUT",3,"PL","RLS"
"ntji","nga","NFUT",1,"SG","IRR"
"ntji","tha","NFUT",2,"SG","IRR"
"ntji","ka","NFUT",3,"SG","IRR"
"ntji","pa","NFUT","1+2","SG","IRR"
"ntji","nga","NFUT",1,"PAUC","IRR"
"ntji","na","NFUT",2,"PAUC","IRR"
"ntji","ka","NFUT",3,"PAUC","IRR"
"ntji","nga","NFUT",1,"PL","IRR"
"ntji","na","NFUT",2,"PL","IRR"
"ntji","ka","NFUT",3,"PL","IRR"
"ntji","ngantji","PST",1,"SG","RLS"
"ntji","thantji","PST",2,"SG","RLS"
"ntji","kantji","PST",3,"SG","RLS"
"ntji","thantji","PST","1+2","SG","RLS"
"ntji","ngantje","PST",1,"PAUC","RLS"
"ntji","nantje","PST",2,"PAUC","RLS"
"ntji","pantje","PST",3,"PAUC","RLS"
"ntji","ngantji","PST",1,"PL","RLS"
"ntji","nantji","PST",2,"PL","RLS"
"ntji","pantji","PST",3,"PL","RLS"
"ntji","nge","PST",1,"SG","IRR"
"ntji","tje","PST",2,"SG","IRR"
"ntji","de","PST",3,"SG","IRR"
"ntji","tje","PST","1+2","SG","IRR"
"ntji","ngerra","PST",1,"PAUC","IRR"
"ntji","nerra","PST",2,"PAUC","IRR"
"ntji","perra","PST",3,"PAUC","IRR"
"ntji","ngerra","PST",1,"PL","IRR"
"ntji","nerra","PST",2,"PL","IRR"
"ntji","perra","PST",3,"PL","IRR"
"i","ngabim","NFUT",1,"SG","RLS"
"i","tjibim","NFUT",2,"SG","RLS"
"i","yibim","NFUT",3,"SG","RLS"
"i","tjibim","NFUT","1+2","SG","RLS"
"i","ngarrim","NFUT",1,"PL","RLS"
"i","nirrim","NFUT",2,"PL","RLS"
"i","pirrim","NFUT",3,"PL","RLS"
"i","ngu","NFUT",1,"SG","IRR"
"i","thu","NFUT",2,"SG","IRR"
"i","ku","NFUT",3,"SG","IRR"
"i","pu","NFUT","1+2","SG","IRR"
"i","nge","NFUT",1,"PAUC","IRR"
"i","ne","NFUT",2,"PAUC","IRR"
"i","ke","NFUT",3,"PAUC","IRR"
"i","nguyu","NFUT",1,"PL","IRR"
"i","nuyu","NFUT",2,"PL","IRR"
"i","kuyu","NFUT",3,"PL","IRR"
"i","ngu","PST",1,"SG","RLS"
"i","thu","PST",2,"SG","RLS"
"i","yu","PST",3,"SG","RLS"
"i","thu","PST","1+2","SG","RLS"
"i","ngarrine","PST",1,"PAUC","RLS"
"i","nirrine","PST",2,"PAUC","RLS"
"i","pirrine","PST",3,"PAUC","RLS"
"i","ngarrini","PST",1,"PL","RLS"
"i","nirrini","PST",2,"PL","RLS"
"i","pirrini","PST",3,"PL","RLS"
"i","ngungi","PST",1,"SG","IRR"
"i","thungi","PST",2,"SG","IRR"
"i","yungi","PST",3,"SG","IRR"
"i","thungi","PST","1+2","SG","IRR"
"i","ngarrine","PST",1,"PAUC","IRR"
"i","nirrine","PST",2,"PAUC","IRR"
"i","pirrine","PST",3,"PAUC","IRR"
"i","ngarrini","PST",1,"PL","IRR"
"i","nirrini","PST",2,"PL","IRR"
"i","pirrini","PST",3,"PL","IRR"
"rra","ngarrim","NFUT",1,"SG","RLS"
"rra","tjirrim","NFUT",2,"SG","RLS"
"rra","pirrim","NFUT",3,"SG","RLS"
"rra","tjirrim","NFUT","1+2","SG","RLS"
"rra","ngibim","NFUT",1,"PL","RLS"
"rra","nibim","NFUT",2,"PL","RLS"
"rra","pibim","NFUT",3,"PL","RLS"
"rra","ngirra","NFUT",1,"SG","IRR"
"rra","tjirra","NFUT",2,"SG","IRR"
"rra","kirra","NFUT",3,"SG","IRR"
"rra","pirra","NFUT","1+2","SG","IRR"
"rra","ngira","NFUT",1,"PAUC","IRR"
"rra","nira","NFUT",2,"PAUC","IRR"
"rra","kira","NFUT",3,"PAUC","IRR"
"rra","ngira","NFUT",1,"PL","IRR"
"rra","nira","NFUT",2,"PL","IRR"
"rra","kira","NFUT",3,"PL","IRR"
"rra","ngirri","PST",1,"SG","RLS"
"rra","tjirri","PST",2,"SG","RLS"
"rra","pirri","PST",3,"SG","RLS"
"rra","tjirri","PST","1+2","SG","RLS"
"rra","nge","PST",1,"PAUC","RLS"
"rra","ne","PST",2,"PAUC","RLS"
"rra","pe","PST",3,"PAUC","RLS"
"rra","ngi","PST",1,"PL","RLS"
"rra","ni","PST",2,"PL","RLS"
"rra","pi","PST",3,"PL","RLS"
"rra","ngirrangi","PST",1,"SG","IRR"
"rra","tjirrangi","PST",2,"SG","IRR"
"rra","pirrangi","PST",3,"SG","IRR"
"rra","tjirrangi","PST","1+2","SG","IRR"
"rra","ngirangi","PST",1,"PAUC","IRR"
"rra","nirangi","PST",2,"PAUC","IRR"
"rra","pirangi","PST",3,"PAUC","IRR"
"rra","ngirangi","PST",1,"PL","IRR"
"rra","nirangi","PST",2,"PL","IRR"
"rra","pirangi","PST",3,"PL","IRR"
"ni","nganam","NFUT",1,"SG","RLS"
"ni","thanam","NFUT",2,"SG","RLS"
"ni","kanam","NFUT",3,"SG","RLS"
"ni","thanam","NFUT","1+2","SG","RLS"
"ni","ngarnam","NFUT",1,"PL","RLS"
"ni","narnam","NFUT",2,"PL","RLS"
"ni","parnam","NFUT",3,"PL","RLS"
"ni","ngani","NFUT",1,"SG","IRR"
"ni","thani","NFUT",2,"SG","IRR"
"ni","kani","NFUT",3,"SG","IRR"
"ni","pani","NFUT","1+2","SG","IRR"
"ni","ngarne","NFUT",1,"PAUC","IRR"
"ni","narne","NFUT",2,"PAUC","IRR"
"ni","karne","NFUT",3,"PAUC","IRR"
"ni","ngarni","NFUT",1,"PL","IRR"
"ni","narni","NFUT",2,"PL","IRR"
"ni","karni","NFUT",3,"PL","IRR"
"ni","ngardi","PST",1,"SG","RLS"
"ni","thardi","PST",2,"SG","RLS"
"ni","kardi","PST",3,"SG","RLS"
"ni","thardi","PST","1+2","SG","RLS"
"ni","ngarde","PST",1,"PAUC","RLS"
"ni","narde","PST",2,"PAUC","RLS"
"ni","parde","PST",3,"PAUC","RLS"
"ni","ngardi","PST",1,"PL","RLS"
"ni","nardi","PST",2,"PL","RLS"
"ni","pardi","PST",3,"PL","RLS"
"ni","ngani","PST",1,"SG","IRR"
"ni","thani","PST",2,"SG","IRR"
"ni","karni","PST",3,"SG","IRR"
"ni","thani","PST","1+2","SG","IRR"
"ni","ngarne","PST",1,"PAUC","IRR"
"ni","narne","PST",2,"PAUC","IRR"
"ni","parne","PST",3,"PAUC","IRR"
"ni","ngarni","PST",1,"PL","IRR"
"ni","narni","PST",2,"PL","IRR"
"ni","parni","PST",3,"PL","IRR"
"ntha","ngantjim","NFUT",1,"SG","RLS"
"ntha","tjintjim","NFUT",2,"SG","RLS"
"ntha","pintjim","NFUT",3,"SG","RLS"
"ntha","tjintjim","NFUT","1+2","SG","RLS"
"ntha","ngantjim","NFUT",1,"PL","RLS"
"ntha","nintjim","NFUT",2,"PL","RLS"
"ntha","pintjim","NFUT",3,"PL","RLS"
"ntha","ngintha","NFUT",1,"SG","IRR"
"ntha","tjintha","NFUT",2,"SG","IRR"
"ntha","kintha","NFUT",3,"SG","IRR"
"ntha","pintha","NFUT","1+2","SG","IRR"
"ntha","ngintha","NFUT",1,"PAUC","IRR"
"ntha","nintha","NFUT",2,"PAUC","IRR"
"ntha","kintha","NFUT",3,"PAUC","IRR"
"ntha","ngintha","NFUT",1,"PL","IRR"
"ntha","nintha","NFUT",2,"PL","IRR"
"ntha","kintha","NFUT",3,"PL","IRR"
"ntha","nginthanyi","PST",1,"SG","RLS"
"ntha","tjinthanyi","PST",2,"SG","RLS"
"ntha","pinthanyi","PST",3,"SG","RLS"
"ntha","tjinthanyi","PST","1+2","SG","RLS"
"ntha","nginthanye","PST",1,"PAUC","RLS"
"ntha","ninthanye","PST",2,"PAUC","RLS"
"ntha","pinthanye","PST",3,"PAUC","RLS"
"ntha","nginthanyi","PST",1,"PL","RLS"
"ntha","ninthanyi","PST",2,"PL","RLS"
"ntha","pinthanyi","PST",3,"PL","RLS"
"ntha","nginthangi","PST",1,"SG","IRR"
"ntha","tjinthangi","PST",2,"SG","IRR"
"ntha","pinthangi","PST",3,"SG","IRR"
"ntha","tjinthangi","PST","1+2","SG","IRR"
"ntha","nginthange","PST",1,"PAUC","IRR"
"ntha","ninthange","PST",2,"PAUC","IRR"
"ntha","pinthange","PST",3,"PAUC","IRR"
"ntha","nginthangi","PST",1,"PL","IRR"
"ntha","ninthangi","PST",2,"PL","IRR"
"ntha","pinthangi","PST",3,"PL","IRR"
"me","mem","NFUT",1,"SG","RLS"
"me","nem","NFUT",2,"SG","RLS"
"me","mem","NFUT",3,"SG","RLS"
"me","thumem","NFUT","1+2","SG","RLS"
"me","ngumem","NFUT",1,"PL","RLS"
"me","numem","NFUT",2,"PL","RLS"
"me","pumem","NFUT",3,"PL","RLS"
"me","me","NFUT",1,"SG","IRR"
"me","ne","NFUT",2,"SG","IRR"
"me","me","NFUT",3,"SG","IRR"
"me","pume","NFUT","1+2","SG","IRR"
"me","ngume","NFUT",1,"PAUC","IRR"
"me","nume","NFUT",2,"PAUC","IRR"
"me","kume","NFUT",3,"PAUC","IRR"
"me","ngume","NFUT",1,"PL","IRR"
"me","nume","NFUT",2,"PL","IRR"
"me","kume","NFUT",3,"PL","IRR"
"me","mena","PST",1,"SG","RLS"
"me","nena","PST",2,"SG","RLS"
"me","mena","PST",3,"SG","RLS"
"me","thumena","PST","1+2","SG","RLS"
"me","ngumena","PST",1,"PAUC","RLS"
"me","numena","PST",2,"PAUC","RLS"
"me","pumena","PST",3,"PAUC","RLS"
"me","ngumena","PST",1,"PL","RLS"
"me","numena","PST",2,"PL","RLS"
"me","pumena","PST",3,"PL","RLS"
"me","mena","PST",1,"SG","IRR"
"me","nena","PST",2,"SG","IRR"
"me","mena","PST",3,"SG","IRR"
"me","thumena","PST","1+2","SG","IRR"
"me","ngumena","PST",1,"PAUC","IRR"
"me","numena","PST",2,"PAUC","IRR"
"me","pumena","PST",3,"PAUC","IRR"
"me","ngumena","PST",1,"PL","IRR"
"me","numena","PST",2,"PL","IRR"
"me","pumena","PST",3,"PL","IRR"
"mi","mim","NFUT",1,"SG","RLS"
"mi","nim","NFUT",2,"SG","RLS"
"mi","mim","NFUT",3,"SG","RLS"
"mi","thumim","NFUT","1+2","SG","RLS"
"mi","ngumim","NFUT",1,"PL","RLS"
"mi","numim","NFUT",2,"PL","RLS"
"mi","pumim","NFUT",3,"PL","RLS"
"mi","mi","NFUT",1,"SG","IRR"
"mi","ni","NFUT",2,"SG","IRR"
"mi","mi","NFUT",3,"SG","IRR"
"mi","pumi","NFUT","1+2","SG","IRR"
"mi","ngumi","NFUT",1,"PAUC","IRR"
"mi","numi","NFUT",2,"PAUC","IRR"
"mi","kumi","NFUT",3,"PAUC","IRR"
"mi","ngumi","NFUT",1,"PL","IRR"
"mi","numi","NFUT",2,"PL","IRR"
"mi","kumi","NFUT",3,"PL","IRR"
"mi","mina","PST",1,"SG","RLS"
"mi","nina","PST",2,"SG","RLS"
"mi","mina","PST",3,"SG","RLS"
"mi","thumina","PST","1+2","SG","RLS"
"mi","ngumina","PST",1,"PAUC","RLS"
"mi","numina","PST",2,"PAUC","RLS"
"mi","pumina","PST",3,"PAUC","RLS"
"mi","ngumina","PST",1,"PL","RLS"
"mi","numina","PST",2,"PL","RLS"
"mi","pumina","PST",3,"PL","RLS"
"mi","mina","PST",1,"SG","IRR"
"mi","nina","PST",2,"SG","IRR"
"mi","mina","PST",3,"SG","IRR"
"mi","thumina","PST","1+2","SG","IRR"
"mi","ngumina","PST",1,"PAUC","IRR"
"mi","numina","PST",2,"PAUC","IRR"
"mi","pumina","PST",3,"PAUC","IRR"
"mi","ngumina","PST",1,"PL","IRR"
"mi","numina","PST",2,"PL","IRR"
"mi","pumina","PST",3,"PL","IRR"
"be","bem","NFUT",1,"SG","RLS"
"be","dem","NFUT",2,"SG","RLS"
"be","bem","NFUT",3,"SG","RLS"
"be","thubem","NFUT","1+2","SG","RLS"
"be","ngubem","NFUT",1,"PL","RLS"
"be","nubem","NFUT",2,"PL","RLS"
"be","pubem","NFUT",3,"PL","RLS"
"be","be","NFUT",1,"SG","IRR"
"be","de","NFUT",2,"SG","IRR"
"be","be","NFUT",3,"SG","IRR"
"be","pube","NFUT","1+2","SG","IRR"
"be","ngube","NFUT",1,"PAUC","IRR"
"be","nube","NFUT",2,"PAUC","IRR"
"be","kube","NFUT",3,"PAUC","IRR"
"be","ngube","NFUT",1,"PL","IRR"
"be","nube","NFUT",2,"PL","IRR"
"be","kube","NFUT",3,"PL","IRR"
"be","bena","PST",1,"SG","RLS"
"be","dena","PST",2,"SG","RLS"
"be","bena","PST",3,"SG","RLS"
"be","thubena","PST","1+2","SG","RLS"
"be","ngubena","PST",1,"PAUC","RLS"
"be","nubena","PST",2,"PAUC","RLS"
"be","pubena","PST",3,"PAUC","RLS"
"be","ngubena","PST",1,"PL","RLS"
"be","nubena","PST",2,"PL","RLS"
"be","pubena","PST",3,"PL","RLS"
"be","bena","PST",1,"SG","IRR"
"be","dena","PST",2,"SG","IRR"
"be","bena","PST",3,"SG","IRR"
"be","thubena","PST","1+2","SG","IRR"
"be","ngubena","PST",1,"PAUC","IRR"
"be","nubena","PST",2,"PAUC","IRR"
"be","pubena","PST",3,"PAUC","IRR"
"be","ngubena","PST",1,"PL","IRR"
"be","nubena","PST",2,"PL","IRR"
"be","pubena","PST",3,"PL","IRR"
"bi","bim","NFUT",1,"SG","RLS"
"bi","dim","NFUT",2,"SG","RLS"
"bi","bim","NFUT",3,"SG","RLS"
"bi","thubim","NFUT","1+2","SG","RLS"
"bi","ngubim","NFUT",1,"PL","RLS"
"bi","nubim","NFUT",2,"PL","RLS"
"bi","pubim","NFUT",3,"PL","RLS"
"bi","bi","NFUT",1,"SG","IRR"
"bi","di","NFUT",2,"SG","IRR"
"bi","bi","NFUT",3,"SG","IRR"
"bi","pubi","NFUT","1+2","SG","IRR"
"bi","ngubi","NFUT",1,"PAUC","IRR"
"bi","nubi","NFUT",2,"PAUC","IRR"
"bi","kubi","NFUT",3,"PAUC","IRR"
"bi","ngubi","NFUT",1,"PL","IRR"
"bi","nubi","NFUT",2,"PL","IRR"
"bi","kubi","NFUT",3,"PL","IRR"
"bi","bina","PST",1,"SG","RLS"
"bi","dina","PST",2,"SG","RLS"
"bi","bina","PST",3,"SG","RLS"
"bi","thubina","PST","1+2","SG","RLS"
"bi","ngubina","PST",1,"PAUC","RLS"
"bi","nubina","PST",2,"PAUC","RLS"
"bi","pubina","PST",3,"PAUC","RLS"
"bi","ngubina","PST",1,"PL","RLS"
"bi","nubina","PST",2,"PL","RLS"
"bi","pubina","PST",3,"PL","RLS"
"bi","bina","PST",1,"SG","IRR"
"bi","dina","PST",2,"SG","IRR"
"bi","bina","PST",3,"SG","IRR"
"bi","thubina","PST","1+2","SG","IRR"
"bi","ngubina","PST",1,"PAUC","IRR"
"bi","nubina","PST",2,"PAUC","IRR"
"bi","pubina","PST",3,"PAUC","IRR"
"bi","ngubina","PST",1,"PL","IRR"
"bi","nubina","PST",2,"PL","IRR"
"bi","pubina","PST",3,"PL","IRR"
"mu","mungam","NFUT",1,"SG","RLS"
"mu","nungam","NFUT",2,"SG","RLS"
"mu","mungam","NFUT",3,"SG","RLS"
"mu","thumungam","NFUT","1+2","SG","RLS"
"mu","ngumungam","NFUT",1,"PL","RLS"
"mu","numungam","NFUT",2,"PL","RLS"
"mu","pumungam","NFUT",3,"PL","RLS"
"mu","mu","NFUT",1,"SG","IRR"
"mu","nu","NFUT",2,"SG","IRR"
"mu","mu","NFUT",3,"SG","IRR"
"mu","pumu","NFUT","1+2","SG","IRR"
"mu","ngumu","NFUT",1,"PAUC","IRR"
"mu","numu","NFUT",2,"PAUC","IRR"
"mu","kumu","NFUT",3,"PAUC","IRR"
"mu","ngumu","NFUT",1,"PL","IRR"
"mu","numu","NFUT",2,"PL","IRR"
"mu","kumu","NFUT",3,"PL","IRR"
"mu","muni","PST",1,"SG","RLS"
"mu","nuni","PST",2,"SG","RLS"
"mu","muni","PST",3,"SG","RLS"
"mu","thuni","PST","1+2","SG","RLS"
"mu","ngumune","PST",1,"PAUC","RLS"
"mu","numune","PST",2,"PAUC","RLS"
"mu","pumune","PST",3,"PAUC","RLS"
"mu","ngumuni","PST",1,"PL","RLS"
"mu","numuni","PST",2,"PL","RLS"
"mu","pumuni","PST",3,"PL","RLS"
"mu","muy","PST",1,"SG","IRR"
"mu","nuy","PST",2,"SG","IRR"
"mu","muy","PST",3,"SG","IRR"
"mu","thumuy","PST","1+2","SG","IRR"
"mu","ngumuy","PST",1,"PAUC","IRR"
"mu","numuy","PST",2,"PAUC","IRR"
"mu","kumuy","PST",3,"PAUC","IRR"
"mu","ngumuy","PST",1,"PL","IRR"
"mu","numuy","PST",2,"PL","IRR"
"mu","kumuy","PST",3,"PL","IRR"
"bu","ban","NFUT",1,"SG","RLS"
"bu","dan","NFUT",2,"SG","RLS"
"bu","ban","NFUT",3,"SG","RLS"
"bu","thuban","NFUT","1+2","SG","RLS"
"bu","nguban","NFUT",1,"PL","RLS"
"bu","nuban","NFUT",2,"PL","RLS"
"bu","puban","NFUT",3,"PL","RLS"
"bu","bu","NFUT",1,"SG","IRR"
"bu","du","NFUT",2,"SG","IRR"
"bu","bu","NFUT",3,"SG","IRR"
"bu","pubu","NFUT","1+2","SG","IRR"
"bu","ngubu","NFUT",1,"PAUC","IRR"
"bu","nubu","NFUT",2,"PAUC","IRR"
"bu","kubu","NFUT",3,"PAUC","IRR"
"bu","ngubu","NFUT",1,"PL","IRR"
"bu","nubu","NFUT",2,"PL","IRR"
"bu","kubu","NFUT",3,"PL","IRR"
"bu","buni","PST",1,"SG","RLS"
"bu","duni","PST",2,"SG","RLS"
"bu","buni","PST",3,"SG","RLS"
"bu","thubuni","PST","1+2","SG","RLS"
"bu","ngubune","PST",1,"PAUC","RLS"
"bu","nubune","PST",2,"PAUC","RLS"
"bu","pubune","PST",3,"PAUC","RLS"
"bu","ngubuni","PST",1,"PL","RLS"
"bu","nubuni","PST",2,"PL","RLS"
"bu","pubuni","PST",3,"PL","RLS"
"bu","buy","PST",1,"SG","IRR"
"bu","duy","PST",2,"SG","IRR"
"bu","buy","PST",3,"SG","IRR"
"bu","thubuy","PST","1+2","SG","IRR"
"bu","ngubuy","PST",1,"PAUC","IRR"
"bu","nubuy","PST",2,"PAUC","IRR"
"bu","pubuy","PST",3,"PAUC","IRR"
"bu","ngubuy","PST",1,"PL","IRR"
"bu","nubuy","PST",2,"PL","IRR"
"bu","pubuy","PST",3,"PL","IRR"
"buy","bam","NFUT",1,"SG","RLS"
"buy","dam","NFUT",2,"SG","RLS"
"buy","bam","NFUT",3,"SG","RLS"
"buy","thubam","NFUT","1+2","SG","RLS"
"buy","ngubam","NFUT",1,"PL","RLS"
"buy","nubam","NFUT",2,"PL","RLS"
"buy","pubam","NFUT",3,"PL","RLS"
"buy","buy","NFUT",1,"SG","IRR"
"buy","duy","NFUT",2,"SG","IRR"
"buy","buy","NFUT",3,"SG","IRR"
"buy","pubuy","NFUT","1+2","SG","IRR"
"buy","ngubuy","NFUT",1,"PAUC","IRR"
"buy","nubuy","NFUT",2,"PAUC","IRR"
"buy","kubuy","NFUT",3,"PAUC","IRR"
"buy","ngubuy","NFUT",1,"PL","IRR"
"buy","nubuy","NFUT",2,"PL","IRR"
"buy","kubuy","NFUT",3,"PL","IRR"
"buy","bana","PST",1,"SG","RLS"
"buy","dana","PST",2,"SG","RLS"
"buy","bana","PST",3,"SG","RLS"
"buy","thubana","PST","1+2","SG","RLS"
"buy","ngubana","PST",1,"PAUC","RLS"
"buy","nubana","PST",2,"PAUC","RLS"
"buy","pubana","PST",3,"PAUC","RLS"
"buy","ngubana","PST",1,"PL","RLS"
"buy","nubana","PST",2,"PL","RLS"
"buy","pubana","PST",3,"PL","RLS"
"buy","bana","PST",1,"SG","IRR"
"buy","dana","PST",2,"SG","IRR"
"buy","bana","PST",3,"SG","IRR"
"buy","thubana","PST","1+2","SG","IRR"
"buy","ngubana","PST",1,"PAUC","IRR"
"buy","nubana","PST",2,"PAUC","IRR"
"buy","pubana","PST",3,"PAUC","IRR"
"buy","ngubana","PST",1,"PL","IRR"
"buy","nubana","PST",2,"PL","IRR"
"buy","pubana","PST",3,"PL","IRR"
"e","ngem","NFUT",1,"SG","RLS"
"e","tjem","NFUT",2,"SG","RLS"
"e","dem","NFUT",3,"SG","RLS"
"e","tjem","NFUT","1+2","SG","RLS"
"e","ngerrem","NFUT",1,"PL","RLS"
"e","nerrem","NFUT",2,"PL","RLS"
"e","perrem","NFUT",3,"PL","RLS"
"e","nge","NFUT",1,"SG","IRR"
"e","tje","NFUT",2,"SG","IRR"
"e","ke","NFUT",3,"SG","IRR"
"e","pe","NFUT","1+2","SG","IRR"
"e","nge","NFUT",1,"PAUC","IRR"
"e","ne","NFUT",2,"PAUC","IRR"
"e","ke","NFUT",3,"PAUC","IRR"
"e","nge","NFUT",1,"PL","IRR"
"e","ne","NFUT",2,"PL","IRR"
"e","ke","NFUT",3,"PL","IRR"
"e","ngena","PST",1,"SG","RLS"
"e","tjena","PST",2,"SG","RLS"
"e","dena","PST",3,"SG","RLS"
"e","tjena","PST","1+2","SG","RLS"
"e","ngerrene","PST",1,"PAUC","RLS"
"e","nerrene","PST",2,"PAUC","RLS"
"e","perrene","PST",3,"PAUC","RLS"
"e","ngerrena","PST",1,"PL","RLS"
"e","nerrena","PST",2,"PL","RLS"
"e","perrena","PST",3,"PL","RLS"
"e","ngena","PST",1,"SG","IRR"
"e","tjena","PST",2,"SG","IRR"
"e","dena","PST",3,"SG","IRR"
"e","tjena","PST","1+2","SG","IRR"
"e","ngerrene","PST",1,"PAUC","IRR"
"e","nerrene","PST",2,"PAUC","IRR"
"e","perrene","PST",3,"PAUC","IRR"
"e","ngerrena","PST",1,"PL","IRR"
"e","nerrena","PST",2,"PL","IRR"
"e","perrena","PST",3,"PL","IRR"
"ya","ngan","NFUT",1,"SG","RLS"
"ya","than","NFUT",2,"SG","RLS"
"ya","pan","NFUT",3,"SG","RLS"
"ya","thumpan","NFUT","1+2","SG","RLS"
"ya","ngumpan","NFUT",1,"PL","RLS"
"ya","numpan","NFUT",2,"PL","RLS"
"ya","pumpan","NFUT",3,"PL","RLS"
"ya","ngu","NFUT",1,"SG","IRR"
"ya","thu","NFUT",2,"SG","IRR"
"ya","ku","NFUT",3,"SG","IRR"
"ya","pu","NFUT","1+2","SG","IRR"
"ya","ngu","NFUT",1,"PAUC","IRR"
"ya","nu","NFUT",2,"PAUC","IRR"
"ya","ku","NFUT",3,"PAUC","IRR"
"ya","ngu","NFUT",1,"PL","IRR"
"ya","nu","NFUT",2,"PL","IRR"
"ya","ku","NFUT",3,"PL","IRR"
"ya","nguni","PST",1,"SG","RLS"
"ya","thuni","PST",2,"SG","RLS"
"ya","puni","PST",3,"SG","RLS"
"ya","thuni","PST","1+2","SG","RLS"
"ya","ngurne","PST",1,"PAUC","RLS"
"ya","nurne","PST",2,"PAUC","RLS"
"ya","purne","PST",3,"PAUC","RLS"
"ya","ngurni","PST",1,"PL","RLS"
"ya","nurni","PST",2,"PL","RLS"
"ya","purni","PST",3,"PL","RLS"
"ya","nguy","PST",1,"SG","IRR"
"ya","thuy","PST",2,"SG","IRR"
"ya","puy","PST",3,"SG","IRR"
"ya","thuy","PST","1+2","SG","IRR"
"ya","nguye","PST",1,"PAUC","IRR"
"ya","nuye","PST",2,"PAUC","IRR"
"ya","puye","PST",3,"PAUC","IRR"
"ya","nguyi","PST",1,"PL","IRR"
"ya","nuyi","PST",2,"PL","IRR"
"ya","puyi","PST",3,"PL","IRR"
"ye","ngam","NFUT",1,"SG","RLS"
"ye","tham","NFUT",2,"SG","RLS"
"ye","pam","NFUT",3,"SG","RLS"
"ye","tham","NFUT","1+2","SG","RLS"
"ye","nguyem","NFUT",1,"PL","RLS"
"ye","nuyem","NFUT",2,"PL","RLS"
"ye","puyem","NFUT",3,"PL","RLS"
"ye","nguy","NFUT",1,"SG","IRR"
"ye","thuy","NFUT",2,"SG","IRR"
"ye","kuy","NFUT",3,"SG","IRR"
"ye","puy","NFUT","1+2","SG","IRR"
"ye","nguy","NFUT",1,"PAUC","IRR"
"ye","nuy","NFUT",2,"PAUC","IRR"
"ye","kuy","NFUT",3,"PAUC","IRR"
"ye","nguyu","NFUT",1,"PL","IRR"
"ye","nuyu","NFUT",2,"PL","IRR"
"ye","kuyu","NFUT",3,"PL","IRR"
"ye","ngana","PST",1,"SG","RLS"
"ye","thana","PST",2,"SG","RLS"
"ye","pana","PST",3,"SG","RLS"
"ye","thana","PST","1+2","SG","RLS"
"ye","nguyena","PST",1,"PAUC","RLS"
"ye","nuyena","PST",2,"PAUC","RLS"
"ye","puyena","PST",3,"PAUC","RLS"
"ye","nguyena","PST",1,"PL","RLS"
"ye","nuyena","PST",2,"PL","RLS"
"ye","puyena","PST",3,"PL","RLS"
"ye","ngana","PST",1,"SG","IRR"
"ye","thana","PST",2,"SG","IRR"
"ye","pana","PST",3,"SG","IRR"
"ye","thana","PST","1+2","SG","IRR"
"ye","nguyena","PST",1,"PAUC","IRR"
"ye","nuyena","PST",2,"PAUC","IRR"
"ye","puyena","PST",3,"PAUC","IRR"
"ye","nguyena","PST",1,"PL","IRR"
"ye","nuyena","PST",2,"PL","IRR"
"ye","puyena","PST",3,"PL","IRR"
"nga","ngingam","NFUT",1,"SG","RLS"
"nga","tjingam","NFUT",2,"SG","RLS"
"nga","yingam","NFUT",3,"SG","RLS"
"nga","tjingam","NFUT","1+2","SG","RLS"
"nga","ngingam","NFUT",1,"PL","RLS"
"nga","ningam","NFUT",2,"PL","RLS"
"nga","pingam","NFUT",3,"PL","RLS"
"nga","ngi","NFUT",1,"SG","IRR"
"nga","tji","NFUT",2,"SG","IRR"
"nga","ki","NFUT",3,"SG","IRR"
"nga","pi","NFUT","1+2","SG","IRR"
"nga","nge","NFUT",1,"PAUC","IRR"
"nga","ne","NFUT",2,"PAUC","IRR"
"nga","ke","NFUT",3,"PAUC","IRR"
"nga","ngi","NFUT",1,"PL","IRR"
"nga","ni","NFUT",2,"PL","IRR"
"nga","ki","NFUT",3,"PL","IRR"
"nga","nginga","PST",1,"SG","RLS"
"nga","tjinga","PST",2,"SG","RLS"
"nga","yinga","PST",3,"SG","RLS"
"nga","tjinga","PST","1+2","SG","RLS"
"nga","nginga","PST",1,"PAUC","RLS"
"nga","ninga","PST",2,"PAUC","RLS"
"nga","pinga","PST",3,"PAUC","RLS"
"nga","nginga","PST",1,"PL","RLS"
"nga","ninga","PST",2,"PL","RLS"
"nga","pinga","PST",3,"PL","RLS"
"nga","nginga","PST",1,"SG","IRR"
"nga","tjinga","PST",2,"SG","IRR"
"nga","yinga","PST",3,"SG","IRR"
"nga","tjinga","PST","1+2","SG","IRR"
"nga","nginga","PST",1,"PAUC","IRR"
"nga","ninga","PST",2,"PAUC","IRR"
"nga","pinga","PST",3,"PAUC","IRR"
"nga","nginga","PST",1,"PL","IRR"
"nga","ninga","PST",2,"PL","IRR"
"nga","pinga","PST",3,"PL","IRR"
"ila","ngilam","NFUT",1,"SG","RLS"
"ila","tjilam","NFUT",2,"SG","RLS"
"ila","dilam","NFUT",3,"SG","RLS"
"ila","tjilam","NFUT","1+2","SG","RLS"
"ila","ngillangam","NFUT",1,"PL","RLS"
"ila","nillangam","NFUT",2,"PL","RLS"
"ila","pillangam","NFUT",3,"PL","RLS"
"ila","ngila","NFUT",1,"SG","IRR"
"ila","tjila","NFUT",2,"SG","IRR"
"ila","kila","NFUT",3,"SG","IRR"
"ila","pila","NFUT","1+2","SG","IRR"
"ila","ngilla","NFUT",1,"PAUC","IRR"
"ila","nilla","NFUT",2,"PAUC","IRR"
"ila","killa","NFUT",3,"PAUC","IRR"
"ila","ngilla","NFUT",1,"PL","IRR"
"ila","nilla","NFUT",2,"PL","IRR"
"ila","killa","NFUT",3,"PL","IRR"
"ila","ngila","PST",1,"SG","RLS"
"ila","tjila","PST",2,"SG","RLS"
"ila","dila","PST",3,"SG","RLS"
"ila","tjila","PST","1+2","SG","RLS"
"ila","ngilla","PST",1,"PAUC","RLS"
"ila","nilla","PST",2,"PAUC","RLS"
"ila","pilla","PST",3,"PAUC","RLS"
"ila","ngilla","PST",1,"PL","RLS"
"ila","nilla","PST",2,"PL","RLS"
"ila","pilla","PST",3,"PL","RLS"
"ila","ngilangi","PST",1,"SG","IRR"
"ila","tjilangi","PST",2,"SG","IRR"
"ila","dilangi","PST",3,"SG","IRR"
"ila","tjilangi","PST","1+2","SG","IRR"
"ila","ngillangi","PST",1,"PAUC","IRR"
"ila","nillangi","PST",2,"PAUC","IRR"
"ila","pillangi","PST",3,"PAUC","IRR"
"ila","ngillangi","PST",1,"PL","IRR"
"ila","nillangi","PST",2,"PL","IRR"
"ila","pillangi","PST",3,"PL","IRR"
"na","nginangam","NFUT",1,"SG","RLS"
"na","tjinangam","NFUT",2,"SG","RLS"
"na","ninangam","NFUT",3,"SG","RLS"
"na","tjinangam","NFUT","1+2","SG","RLS"
"na","nginnangam","NFUT",1,"PL","RLS"
"na","ninnangam","NFUT",2,"PL","RLS"
"na","pinnangam","NFUT",3,"PL","RLS"
"na","ngina","NFUT",1,"SG","IRR"
"na","tjina","NFUT",2,"SG","IRR"
"na","kina","NFUT",3,"SG","IRR"
"na","pina","NFUT","1+2","SG","IRR"
"na","nginna","NFUT",1,"PAUC","IRR"
"na","ninna","NFUT",2,"PAUC","IRR"
"na","kinna","NFUT",3,"PAUC","IRR"
"na","nginna","NFUT",1,"PL","IRR"
"na","ninna","NFUT",2,"PL","IRR"
"na","kinna","NFUT",3,"PL","IRR"
"na","nginanga","PST",1,"SG","RLS"
"na","tjinanga","PST",2,"SG","RLS"
"na","ninga","PST",3,"SG","RLS"
"na","tjinanga","PST","1+2","SG","RLS"
"na","nginnanga","PST",1,"PAUC","RLS"
"na","ninnanga","PST",2,"PAUC","RLS"
"na","pinnanga","PST",3,"PAUC","RLS"
"na","nginnanga","PST",1,"PL","RLS"
"na","ninnanga","PST",2,"PL","RLS"
"na","pinnanga","PST",3,"PL","RLS"
"na","nginangi","PST",1,"SG","IRR"
"na","tjinangi","PST",2,"SG","IRR"
"na","ninga","PST",3,"SG","IRR"
"na","tjinangi","PST","1+2","SG","IRR"
"na","nginnangi","PST",1,"PAUC","IRR"
"na","ninnangi","PST",2,"PAUC","IRR"
"na","pinnangi","PST",3,"PAUC","IRR"
"na","nginnangi","PST",1,"PL","IRR"
"na","ninnangi","PST",2,"PL","IRR"
"na","pinnangi","PST",3,"PL","IRR"
"rdu","ngurdan","NFUT",1,"SG","RLS"
"rdu","thurdan","NFUT",2,"SG","RLS"
"rdu","wurdan","NFUT",3,"SG","RLS"
"rdu","thurdan","NFUT","1+2","SG","RLS"
"rdu","nguddan","NFUT",1,"PL","RLS"
"rdu","nuddan","NFUT",2,"PL","RLS"
"rdu","puddan","NFUT",3,"PL","RLS"
"rdu","ngurdu","NFUT",1,"SG","IRR"
"rdu","thurdu","NFUT",2,"SG","IRR"
"rdu","kurdu","NFUT",3,"SG","IRR"
"rdu","purdu","NFUT","1+2","SG","IRR"
"rdu","ngudda","NFUT",1,"PAUC","IRR"
"rdu","nudda","NFUT",2,"PAUC","IRR"
"rdu","kudda","NFUT",3,"PAUC","IRR"
"rdu","nguddu","NFUT",1,"PL","IRR"
"rdu","nuddu","NFUT",2,"PL","IRR"
"rdu","kuddu","NFUT",3,"PL","IRR"
"rdu","ngurdini","PST",1,"SG","RLS"
"rdu","thurdini","PST",2,"SG","RLS"
"rdu","wurdini","PST",3,"SG","RLS"
"rdu","thurdini","PST","1+2","SG","RLS"
"rdu","nguddene","PST",1,"PAUC","RLS"
"rdu","nuddene","PST",2,"PAUC","RLS"
"rdu","puddene","PST",3,"PAUC","RLS"
"rdu","nguddini","PST",1,"PL","RLS"
"rdu","nuddini","PST",2,"PL","RLS"
"rdu","puddini","PST",3,"PL","RLS"
"rdu","ngurdi","PST",1,"SG","IRR"
"rdu","thurdi","PST",2,"SG","IRR"
"rdu","wurdi","PST",3,"SG","IRR"
"rdu","thurdi","PST","1+2","SG","IRR"
"rdu","ngudde","PST",1,"PAUC","IRR"
"rdu","nudde","PST",2,"PAUC","IRR"
"rdu","pudde","PST",3,"PAUC","IRR"
"rdu","nguddi","PST",1,"PL","IRR"
"rdu","nuddi","PST",2,"PL","IRR"
"rdu","puddi","PST",3,"PL","IRR"
"ngu","ngungan","NFUT",1,"SG","RLS"
"ngu","thungan","NFUT",2,"SG","RLS"
"ngu","yungan","NFUT",3,"SG","RLS"
"ngu","thungan","NFUT","1+2","SG","RLS"
"ngu","ngungan","NFUT",1,"PL","RLS"
"ngu","nungan","NFUT",2,"PL","RLS"
"ngu","pungan","NFUT",3,"PL","RLS"
"ngu","ngungu","NFUT",1,"SG","IRR"
"ngu","thungu","NFUT",2,"SG","IRR"
"ngu","kungu","NFUT",3,"SG","IRR"
"ngu","pungu","NFUT","1+2","SG","IRR"
"ngu","ngunga","NFUT",1,"PAUC","IRR"
"ngu","nunga","NFUT",2,"PAUC","IRR"
"ngu","kunga","NFUT",3,"PAUC","IRR"
"ngu","ngungu","NFUT",1,"PL","IRR"
"ngu","nungu","NFUT",2,"PL","IRR"
"ngu","kungu","NFUT",3,"PL","IRR"
"ngu","ngunguni","PST",1,"SG","RLS"
"ngu","thunguni","PST",2,"SG","RLS"
"ngu","yunguni","PST",3,"SG","RLS"
"ngu","thunguni","PST","1+2","SG","RLS"
"ngu","ngungune","PST",1,"PAUC","RLS"
"ngu","nungune","PST",2,"PAUC","RLS"
"ngu","pungune","PST",3,"PAUC","RLS"
"ngu","ngunguni","PST",1,"PL","RLS"
"ngu","nunguni","PST",2,"PL","RLS"
"ngu","punguni","PST",3,"PL","RLS"
"ngu","ngungi","PST",1,"SG","IRR"
"ngu","thungi","PST",2,"SG","IRR"
"ngu","yungi","PST",3,"SG","IRR"
"ngu","thungi","PST","1+2","SG","IRR"
"ngu","ngunge","PST",1,"PAUC","IRR"
"ngu","nunge","PST",2,"PAUC","IRR"
"ngu","punge","PST",3,"PAUC","IRR"
"ngu","ngungu","PST",1,"PL","IRR"
"ngu","nungu","PST",2,"PL","IRR"
"ngu","pungu","PST",3,"PL","IRR"
"ngi","ngungam","NFUT",1,"SG","RLS"
"ngi","thungam","NFUT",2,"SG","RLS"
"ngi","yungam","NFUT",3,"SG","RLS"
"ngi","thungam","NFUT","1+2","SG","RLS"
"ngi","ngungam","NFUT",1,"PL","RLS"
"ngi","nungam","NFUT",2,"PL","RLS"
"ngi","pungam","NFUT",3,"PL","RLS"
"ngi","ngungi","NFUT",1,"SG","IRR"
"ngi","thungi","NFUT",2,"SG","IRR"
"ngi","kungi","NFUT",3,"SG","IRR"
"ngi","pungi","NFUT","1+2","SG","IRR"
"ngi","ngunge","NFUT",1,"PAUC","IRR"
"ngi","nunge","NFUT",2,"PAUC","IRR"
"ngi","kunge","NFUT",3,"PAUC","IRR"
"ngi","ngungi","NFUT",1,"PL","IRR"
"ngi","nungi","NFUT",2,"PL","IRR"
"ngi","kungi","NFUT",3,"PL","IRR"
"ngi","ngungana","PST",1,"SG","RLS"
"ngi","thungana","PST",2,"SG","RLS"
"ngi","yungana","PST",3,"SG","RLS"
"ngi","thungana","PST","1+2","SG","RLS"
"ngi","ngungana","PST",1,"PAUC","RLS"
"ngi","nungana","PST",2,"PAUC","RLS"
"ngi","pungana","PST",3,"PAUC","RLS"
"ngi","ngungana","PST",1,"PL","RLS"
"ngi","nungana","PST",2,"PL","RLS"
"ngi","pungana","PST",3,"PL","RLS"
"ngi","ngungana","PST",1,"SG","IRR"
"ngi","thungana","PST",2,"SG","IRR"
"ngi","yungana","PST",3,"SG","IRR"
"ngi","thungana","PST","1+2","SG","IRR"
"ngi","ngungana","PST",1,"PAUC","IRR"
"ngi","nungana","PST",2,"PAUC","IRR"
"ngi","pungana","PST",3,"PAUC","IRR"
"ngi","ngungana","PST",1,"PL","IRR"
"ngi","nungana","PST",2,"PL","IRR"
"ngi","pungana","PST",3,"PL","IRR"
"rri","ngirrim","NFUT",1,"SG","RLS"
"rri","tjirrim","NFUT",2,"SG","RLS"
"rri","dirrim","NFUT",3,"SG","RLS"
"rri","tjirrim","NFUT","1+2","SG","RLS"
"rri","ngim","NFUT",1,"PL","RLS"
"rri","nim","NFUT",2,"PL","RLS"
"rri","pim","NFUT",3,"PL","RLS"
"rri","ngirri","NFUT",1,"SG","IRR"
"rri","tjirri","NFUT",2,"SG","IRR"
"rri","kirri","NFUT",3,"SG","IRR"
"rri","pirri","NFUT","1+2","SG","IRR"
"rri","ngiri","NFUT",1,"PAUC","IRR"
"rri","niri","NFUT",2,"PAUC","IRR"
"rri","kiri","NFUT",3,"PAUC","IRR"
"rri","ngiri","NFUT",1,"PL","IRR"
"rri","niri","NFUT",2,"PL","IRR"
"rri","kiri","NFUT",3,"PL","IRR"
"rri","ngirri","PST",1,"SG","RLS"
"rri","tjirri","PST",2,"SG","RLS"
"rri","dirri","PST",3,"SG","RLS"
"rri","tjirri","PST","1+2","SG","RLS"
"rri","ngi","PST",1,"PAUC","RLS"
"rri","ni","PST",2,"PAUC","RLS"
"rri","pi","PST",3,"PAUC","RLS"
"rri","ngi","PST",1,"PL","RLS"
"rri","ni","PST",2,"PL","RLS"
"rri","pi","PST",3,"PL","RLS"
"rri","ngirrini","PST",1,"SG","IRR"
"rri","tjirrini","PST",2,"SG","IRR"
"rri","dirrini","PST",3,"SG","IRR"
"rri","tjirrini","PST","1+2","SG","IRR"
"rri","ngiri","PST",1,"PAUC","IRR"
"rri","niri","PST",2,"PAUC","IRR"
"rri","piri","PST",3,"PAUC","IRR"
"rri","ngiri","PST",1,"PL","IRR"
"rri","niri","PST",2,"PL","IRR"
"rri","piri","PST",3,"PL","IRR"
"li","ngilim","NFUT",1,"SG","RLS"
"li","tjilim","NFUT",2,"SG","RLS"
"li","dilim","NFUT",3,"SG","RLS"
"li","tjilim","NFUT","1+2","SG","RLS"
"li","ngillim","NFUT",1,"PL","RLS"
"li","nillim","NFUT",2,"PL","RLS"
"li","pillim","NFUT",3,"PL","RLS"
"li","ngili","NFUT",1,"SG","IRR"
"li","tjili","NFUT",2,"SG","IRR"
"li","kili","NFUT",3,"SG","IRR"
"li","pili","NFUT","1+2","SG","IRR"
"li","ngilli","NFUT",1,"PAUC","IRR"
"li","nilli","NFUT",2,"PAUC","IRR"
"li","killi","NFUT",3,"PAUC","IRR"
"li","ngilli","NFUT",1,"PL","IRR"
"li","nilli","NFUT",2,"PL","IRR"
"li","killi","NFUT",3,"PL","IRR"
"li","ngili","PST",1,"SG","RLS"
"li","tjili","PST",2,"SG","RLS"
"li","dili","PST",3,"SG","RLS"
"li","tjili","PST","1+2","SG","RLS"
"li","ngilli","PST",1,"PAUC","RLS"
"li","nilli","PST",2,"PAUC","RLS"
"li","pilli","PST",3,"PAUC","RLS"
"li","ngilli","PST",1,"PL","RLS"
"li","nilli","PST",2,"PL","RLS"
"li","pilli","PST",3,"PL","RLS"
"li","ngilingi","PST",1,"SG","IRR"
"li","tjilingi","PST",2,"SG","IRR"
"li","dilingi","PST",3,"SG","IRR"
"li","tjilingi","PST","1+2","SG","IRR"
"li","ngillingi","PST",1,"PAUC","IRR"
"li","nillingi","PST",2,"PAUC","IRR"
"li","pillingi","PST",3,"PAUC","IRR"
"li","ngillingi","PST",1,"PL","IRR"
"li","nillingi","PST",2,"PL","IRR"
"li","pillingi","PST",3,"PL","IRR"
